word,n_exhibitors
feed,733
cattle,366
additives,342
pig,299
housing,270
animal,254
poultry,191
supplements,182
compound,181
vitamins,169
feeder,165
premixes,149
management,147
veterinary,147
agents,139
mineral,139
acids,130
amino,130
cleaning,125
control,124
production,123
silage,123
binders,121
mycotoxin,121
energy,118
biogas,113
piglet,112
probiotics,112
elements,107
breeding,104
farming,104
milk,101
rearing,101
enzymes,97
trace,94
storage,90
machine,89
phytogenic,89
slurry,86
supplies,86
software,81
automated,80
complete,79
heating,79
beef,78
breed,78
silo,78
floor,77
ventilation,74
gas,73
dairy,72
sensors,71
plant,68
sheep,68
fish,67
goat,66
preservatives,66
emulsifiers,64
gelling,64
stabilizers,64
thickeners,64
turnkey,63
climate,62
manure,61
sector,61
calf,60
milking,60
organic,60
treatment,60
consultancy,58
water,58
flavourings,56
project,56
apps,55
fence,55
mixer,55
stationary,55
farm,54
fans,53
horse,53
replacer,53
analysis,52
mats,52
straight,52
cooling,51
insemination,51
conveyors,50
medicine,50
substrate,50
power,49
grooming,48
sperm,48
consulting,46
hoof,46
pumps,46
feedstuff,45
aspects,44
bedding,44
health,44
mixing,44
waste,44
building,43
trimming,43
colourants,42
mobile,42
disinfection,41
protein,41
anticaking,40
care,40
cereal,40
livestock,40
oil,40
conditioning,39
embryos,39
misc,39
exhaust,38
monitoring,38
scales,38
tank,37
waterers,37
fats,36
research,36
milling,35
stations,35
cubicle,34
farrowing,34
measuring,34
parlours,34
pens,34
slatted,34
air,33
chain,33
heat,33
nests,33
pasture,33
science,33
sow,33
instruments,32
cogeneration,31
construction,31
diagnostics,31
disinfectants,31
finishing,31
agriculture,30
ear,30
egg,30
pliers,30
tags,30
effective,29
innovations,29
inputs,29
microotganisms,29
reproduction,29
consumables,28
auto,27
block,27
disinfecting,27
electric,27
filling,27
hay,27
incl,27
lab,27
liquid,27
processing,27
removal,27
robotic,27
transport,27
chp,26
photovoltaics,26
press,26
trough,26
algae,25
herringbone,25
hygiene,25
packaging,25
structures,25
testing,25
accessory,24
automatic,24
clamping,24
container,24
diet,24
direct,24
selling,24
solid,24
trading,24
cleaners,23
cloud,23
exchangers,23
flooring,23
loader,23
mills,23
transponder,23
und,23
vaccines,23
agitators,22
associations,22
clamp,22
engines,22
gate,22
huts,22
licking,22
machinery,22
recycling,22
vaccination,22
activity,21
battery,21
breeder,21
chicken,21
cover,21
detergents,21
energizers,21
intake,21
metering,21
parlour,21
recording,21
straw,21
tower,21
vegetable,21
auger,20
conservation,20
fermentation,20
partition,20
rotary,20
screeds,20
trailed,20
wood,20
agricultural,19
bucket,19
insect,19
oestrus,19
pelleting,19
phosphates,19
propelled,19
semen,19
stands,19
temperature,19
weighing,19
cutters,18
food,18
hammer,18
moist,18
pipeline,18
pits,18
programme,18
protection,18
separators,18
tankers,18
tiergesundheit,18
tierpflegegeräte,18
automation,17
bale,17
doors,17
dosing,17
education,17
fencing,17
powder,17
shearing,17
training,17
ultrasonic,17
crop,16
farmyard,16
generating,16
heaters,16
lamps,16
manipulable,16
pipe,16
service,16
special,16
bowls,15
digitalisation,15
disposal,15
drinking,15
filters,15
identification,15
indoor,15
renewable,15
rumination,15
saas,15
applications,14
barriers,14
birth,14
body,14
broilers,14
business,14
calving,14
collection,14
dung,14
humidifiers,14
insecticides,14
live,14
markers,14
marketing,14
mucking,14
multi,14
pesticides,14
planning,14
purpose,14
quality,14
robots,14
segment,14
vehicle,14
weighbridges,14
yard,14
aquaculture,13
boluses,13
cage,13
carts,13
crushing,13
district,13
electronic,13
excl,13
generation,13
generators,13
grain,13
implants,13
installations,13
institutes,13
laying,13
lights,13
prefabricated,13
spreading,13
tandem,13
telehandlers,13
wheeled,13
actuators,12
aviaries,12
chicks,12
compressors,12
demand,12
dryers,12
free,12
fuel,12
ground,12
hatch,12
heated,12
internet,12
iot,12
nipple,12
organisations,12
plates,12
pressure,12
racks,12
rams,12
range,12
readers,12
rfid,12
safety,12
transportation,12
units,12
windbreak,12
batteries,11
crops,11
dehorning,11
dispensers,11
elevators,11
fermenter,11
für,11
grates,11
layers,11
mangers,11
metrology,11
outdoor,11
panel,11
protective,11
raw,11
solar,11
spreaders,11
washers,11
arificial,10
attachment,10
bag,10
conditioners,10
consultant,10
designers,10
engineers,10
fittings,10
forceps,10
game,10
implements,10
intelligence,10
occupational,10
process,10
refrigerating,10
roofing,10
seeds,10
sheds,10
stores,10
supply,10
tattooing,10
warehouses,10
workwear,10
administration,9
aid,9
alarm,9
certification,9
colleges,9
cutting,9
development,9
diesel,9
digestate,9
electronics,9
frost,9
incubators,9
media,9
meters,9
personal,9
processed,9
processes,9
proof,9
rod,9
scanners,9
servicing,9
sprayers,9
technical,9
universities,9
warm,9
wind,9
accounting,8
biofuels,8
ceiling,8
electricity,8
extruders,8
halls,8
haltung,8
holders,8
husbandry,8
insektenzucht,8
issues,8
loading,8
maschinen,8
packing,8
pre,8
remote,8
riding,8
spezielle,8
stables,8
stacking,8
trailers,8
underfloor,8
valves,8
washing,8
zubehör,8
assurance,7
clubs,7
drying,7
einstreumaterialien,7
embryo,7
hygrometers,7
led,7
lighting,7
local,7
maintenance,7
molassing,7
nurses,7
photovoltaic,7
preparation,7
sheeting,7
societies,7
spotlights,7
sweeper,7
wheel,7
windows,7
activated,6
adjuvants,6
assemblies,6
boots,6
boxes,6
break,6
cans,6
carbon,6
catalysts,6
ccm,6
choppers,6
clothing,6
co2,6
communication,6
ducts,6
emergency,6
fertilizers,6
financing,6
front,6
grinding,6
growth,6
harvesting,6
hatching,6
hydrolysed,6
insulating,6
learing,6
maize,6
netting,6
nh3,6
office,6
operating,6
origin,6
park,6
pasteurization,6
pellets,6
phase,6
regulators,6
shafts,6
spices,6
telescopic,6
traceability,6
trade,6
anaesthesia,5
analyzing,5
animals,5
backfat,5
baths,5
bins,5
bioenergy,5
boilers,5
brooding,5
companies,5
crushers,5
data,5
domestic,5
dual,5
films,5
foods,5
foot,5
hatchers,5
hose,5
hydroponics,5
insurances,5
interval,5
livery,5
magazines,5
marking,5
punches,5
retail,5
shredders,5
slow,5
transfer,5
turbines,5
web,5
application,4
aquaponics,4
brooders,4
bulk,4
cctv,4
closed,4
computer,4
controllers,4
conveying,4
databases,4
deodorising,4
design,4
distributors,4
dry,4
ecu,4
engineering,4
equine,4
forage,4
forklifts,4
graders,4
hygienic,4
information,4
inhouse,4
labelling,4
lines,4
loop,4
preserving,4
stalls,4
tube,4
turkeys,4
vending,4
workshop,4
assessment,3
bagging,3
bereichsübergreifende,3
bio,3
biological,3
blood,3
briquetting,3
carcass,3
carton,3
centers,3
cheese,3
chilling,3
chimneys,3
chip,3
collecting,3
commercial,3
composting,3
controlling,3
cropping,3
cultures,3
depots,3
desulphurisation,3
drains,3
ducks,3
dust,3
environmental,3
expert,3
flue,3
grease,3
hydropower,3
injection,3
inverters,3
loose,3
package,3
paddocks,3
publishers,3
round,3
scare,3
scheduling,3
schools,3
sewages,3
shelters,3
shops,3
sonstige,3
stacks,3
stages,3
starter,3
steam,3
tables,3
technik,3
telecommunication,3
tippers,3
trailer,3
trainig,3
transporting,3
trucks,3
unloaders,3
usage,3
ventilators,3
vocational,3
warning,3
wet,3
accident,2
acidification,2
advice,2
aeration,2
aerators,2
aeroponics,2
banks,2
beet,2
biofuel,2
blending,2
books,2
burning,2
castration,2
cellular,2
chambers,2
chopping,2
claims,2
collectors,2
conversion,2
country,2
crates,2
credit,2
crutches,2
dehumidifiers,2
distribution,2
documentation,2
driers,2
dumpers,2
emission,2
engine,2
excavators,2
financial,2
fixtures,2
functional,2
gasification,2
growing,2
hand,2
institutions,2
isoflurane,2
leasing,2
liquefied,2
locks,2
logistics,2
lubricating,2
meat,2
mechanical,2
methods,2
mincers,2
ministries,2
nutrition,2
pallets,2
pavilions,2
pellet,2
pest,2
photobioreactors,2
plastic,2
prevention,2
pullets,2
recirculating,2
reserve,2
rotor,2
sausage,2
savings,2
screw,2
settlement,2
shed,2
slaughtering,2
steeping,2
sterilization,2
substrates,2
support,2
surface,2
surveying,2
tarpaulins,2
trays,2
tubs,2
warehouse,2
accumulators,1
adhesives,1
advertising,1
authority,1
baking,1
barrows,1
bed,1
biodiesel,1
bioreactors,1
bird,1
bottles,1
breaking,1
buffering,1
burners,1
catalytic,1
cells,1
clipping,1
clothes,1
cold,1
commerce,1
compact,1
converters,1
coolers,1
counters,1
counting,1
cut,1
degassing,1
denitrification,1
detectors,1
diggers,1
digital,1
drawbar,1
drawing,1
drills,1
electrolysers,1
energiepflanzen,1
estates,1
ethanol,1
exhibitions,1
extermination,1
facility,1
fairs,1
fire,1
firing,1
fisch,1
forks,1
fry,1
frying,1
garden,1
geese,1
glasses,1
goggles,1
grate,1
greases,1
grinders,1
grow,1
handling,1
hauliers,1
hole,1
hydrogen,1
imprinting,1
incineration,1
industrial,1
industry,1
legal,1
lift,1
liming,1
low,1
lubrication,1
macerators,1
mashers,1
medium,1
oxygenation,1
paas,1
pallet,1
palletizers,1
peat,1
planters,1
platform,1
pluckers,1
pond,1
post,1
potato,1
precision,1
probes,1
producer,1
property,1
publications,1
real,1
rear,1
recovery,1
redox,1
refrigerated,1
related,1
rigid,1
roasting,1
sack,1
screens,1
sealers,1
separating,1
shovels,1
sieves,1
silencers,1
slaughter,1
sludge,1
solarthermics,1
specialist,1
steamers,1
swap,1
towers,1
transformers,1
treadmills,1
virtual,1
voltage,1
walkers,1
welding,1
